username,email,password,countryCode,phoneNumber,gender,dob,address,language,status
x8p54bjn06,Davon.Veum@gmail.com,4*#J6pwySw,+1,8019648811,Female,1971-05-08,87142 Beier Forge,German,Receiver
ikzo8f02o0,Sonia.Rogahn@hotmail.com,JMsiaw6X6E,+1,9534327170,Others,1953-01-02,8070 Schiller Flat,German,Receiver
q8zmz4avhs,Jacquelyn87@gmail.com,C2eaF6I*Qz,+1,1589239542,Male,1983-02-26,43988 Zoey Shoals,English,Receiver
fjrib8c7w3,Katrina22@gmail.com,6QtE$UEVV8,+1,3493757822,Male,1956-12-19,34104 Berge Brooks,German,Caller
9unt3gfjbf,Maxwell.Aufderhar@gmail.com,1ned!UOin@,+1,0284473515,Male,1952-02-21,4729 Alfred Drives,Spanish,Receiver
amuny009b0,Carmela36@hotmail.com,g4#OZ8fczg,+1,4533863351,Others,1955-05-10,96275 Wilderman Course,English,Caller
tai1rtqgew,Coy62@hotmail.com,3zGaRWIDuJ,+1,7632371859,Female,1983-02-14,38260 Anthony Shoals,Spanish,Both
6trr7wf8g8,Karl_Mills@hotmail.com,mJRaFzXPjH,+1,7262888054,Others,1966-02-06,52549 Ledner Island,Chinese,Caller
5dmpkvcrx2,Cleve.Wintheiser@gmail.com,zBBUg6yVC5,+1,8974661067,Female,1998-03-22,56518 Clarissa Turnpike,English,Caller
5hbv7opeam,Perry.Zemlak11@gmail.com,vcHs1kpy$X,+1,1851587134,Female,1969-03-28,411 Jacobi Glens,German,Caller
vjwz03ubyw,Ethelyn91@hotmail.com,WuZz!KI6%P,+1,7345304944,Others,1950-02-07,963 Trent Hill,Spanish,Caller
5ho9km1e3p,Susie.Dach9@yahoo.com,C6ad!4oycT,+1,7727560399,Others,1983-06-26,451 Murazik Mission,German,Both
8tgm0f5uc3,Lorenzo.Spencer76@hotmail.com,yJjbnCr^5c,+1,2232649527,Male,1989-05-04,10412 Dan Village,French,Both
018qjh8g02,Helena.Price45@yahoo.com,dSYJBhRNWP,+1,4180413381,Others,1979-04-27,8374 Beer Grove,German,Receiver
dl2pc8dz7b,Werner98@gmail.com,YxK9$Vx5i^,+1,5425144284,Male,1972-01-02,321 Lucas Cape,English,Receiver
37y1i0dnjr,Marisa12@gmail.com,2HzT#z&tA6,+1,3597982711,Female,2009-08-26,718 Mante Turnpike,French,Receiver
xuseelssju,Sanford.Sipes42@gmail.com,deem7iyjdl,+1,8407410726,Male,1992-03-21,154 Ricky Trafficway,Chinese,Both
f56sy0hnbx,Wayne.Erdman44@yahoo.com,$!e@s3NvV^,+1,8830585998,Others,2002-06-16,29714 Carter Mount,Spanish,Caller
1huqisjuz0,Ericka_Kuhlman@yahoo.com,7XvRpCYpRk,+1,1099565102,Others,1990-05-04,626 Brekke Lock,German,Receiver
mutuezst3t,Rossie69@gmail.com,U54@RVE1fk,+1,5969022777,Male,1963-03-30,32589 Waelchi Meadow,Chinese,Both
r6zyrb2dv9,Leola53@gmail.com,u!rIok8QiX,+1,5987212040,Female,1982-03-02,42612 Tianna Grove,German,Receiver
cstewz38wi,Marcos88@yahoo.com,E8TPRARc!g,+1,5600749250,Female,2009-09-24,39660 Wunsch Forest,English,Both
tkeby96az7,Marilyne.Weimann@hotmail.com,NeFe&%!WG$,+1,4776073219,Others,1994-08-06,451 Nicolas Expressway,German,Receiver
ixd18dl2v9,Wendell53@yahoo.com,iMAtslZICv,+1,7565014570,Others,1997-06-18,2879 Casper Wall,English,Receiver
f30w1iuq4u,Myrtie28@yahoo.com,oRRkIc1#qA,+1,9305126605,Others,1984-07-21,1661 Crooks Vista,Spanish,Receiver
tktm29d7lk,Jovany23@yahoo.com,yDUQouEZjJ,+1,5196285539,Female,1957-03-09,99096 Kurtis Rapid,Spanish,Both
btr36ddfar,Murl70@hotmail.com,kNOT0beWRo,+1,2110211699,Others,1972-08-19,846 Jarrett Lodge,French,Receiver
fcxjgt2ry8,Bud7@yahoo.com,8CN6&xi2*a,+1,6833560489,Male,1970-12-26,03641 Wuckert Squares,French,Both
ovkopodopt,Lisa97@hotmail.com,TVC1A1EI^B,+1,4840105939,Male,1981-05-21,4193 Clay Junction,French,Caller
9i2g99ei2v,Alejandrin.MacGyver@hotmail.com,dHO502DeVM,+1,0059835694,Male,1967-06-04,152 Fisher Pine,Spanish,Caller
vir6zz7a21,Ubaldo.Bechtelar98@gmail.com,zCls9KjeUd,+1,3064109769,Female,1977-10-05,00440 Schamberger Tunnel,French,Both
mxl50z52ek,Iliana.Fay38@hotmail.com,kt%X8XG1&V,+1,8772334625,Male,1991-12-24,317 Brendon Station,English,Caller
fucoadrb9z,Malika_Schmidt@gmail.com,S42ibHfwae,+1,3940463471,Male,1973-10-15,173 Ward Station,Spanish,Caller
i5nsyrsec2,Trent31@hotmail.com,IIuEpmRYEl,+1,5127935795,Female,1951-11-12,19217 Bashirian Lane,English,Both
nuxmo6ehus,Lindsey42@gmail.com,1S@3DUC*82,+1,7225523695,Others,1981-10-01,184 Hackett Streets,English,Both
q9pyqtcfje,Cathy16@gmail.com,BiQKM$W@nw,+1,3889493753,Male,1962-06-01,663 Oberbrunner Courts,English,Caller
ohz4nmg5rt,Kylie93@gmail.com,xbw#TA%Hbu,+1,8817239238,Others,1983-02-18,581 Hand Cape,Chinese,Both
kmioosgfau,Sid_Beier@yahoo.com,6n@ItpDQly,+1,3860422617,Others,1977-07-04,50282 Jordi Plaza,Chinese,Receiver
orgwe4nkpa,Angela.Reichert48@yahoo.com,Q^G&k7*X@d,+1,6812408992,Others,2000-04-26,0057 Gunner Street,Spanish,Both
y86ap9f9rr,Timmy_Terry@hotmail.com,fbVY2#AN0i,+1,7817035744,Male,1951-02-20,31815 Levi Groves,German,Receiver
p2eib6p198,Elwin_Abshire24@gmail.com,Cm2q1Y%iyV,+1,6773735171,Female,2002-11-17,272 Grady Highway,French,Caller
wdbmco0mly,Timothy64@gmail.com,LZdo5bs$3h,+1,3240995136,Female,1996-09-09,64225 Connelly Land,English,Caller
5x6oprqsqa,Brendon.Leuschke33@hotmail.com,zyg*fX04fZ,+1,6298713370,Male,1953-06-18,5197 Amara Ranch,Chinese,Both
60ttmcqk3t,Lyda.Schumm@gmail.com,r%Z&OyUYnE,+1,3163829867,Male,1992-05-06,79776 Shyanne Branch,French,Receiver
j4lj5av7vk,Clemens_DuBuque@yahoo.com,RKUGJtPC@C,+1,2838124585,Male,1999-10-22,277 Barbara Manors,Chinese,Receiver
f1t76v4qha,Gracie.Mante@hotmail.com,^hRLGKOExU,+1,7221556361,Female,1955-09-06,5155 Crona River,Chinese,Caller
tbuuixp7bj,Gennaro43@gmail.com,F#wZanqqer,+1,2746207757,Female,1983-12-08,749 Lang Summit,English,Receiver
wdovjvi0uh,Nels20@gmail.com,VXU0nE9FN@,+1,0002592297,Others,1973-06-24,3591 Trantow Union,French,Both
wn2rei03z8,Dejah.Barton@yahoo.com,sIwZJXLwah,+1,7391243776,Male,1967-10-09,83400 Janick Turnpike,Chinese,Caller
5ifkjjjh95,Nils58@gmail.com,%do8Ri&#De,+1,5759787437,Female,1963-10-30,702 Virgil Walk,French,Receiver
8vr0g8p88k,Mose54@yahoo.com,rn&99aje%y,+1,1535532300,Others,1978-12-04,04268 Kiehn Landing,English,Both
wa1br17px9,Armani_Hahn@hotmail.com,@nY0tuMIbo,+1,1961414177,Others,1958-05-08,16077 Beahan Skyway,Spanish,Both
fwfp6p88fx,Baby.Rempel40@gmail.com,z95vkN01IN,+1,6024461852,Male,1988-04-08,1341 Rudy Courts,Chinese,Receiver
y2e2n7fy8j,Edmond_Torp@hotmail.com,R&Z%9rEE6p,+1,8766149708,Male,1970-10-05,756 Dibbert Corner,English,Receiver
qpf2r2lf9m,Briana.Hermann65@gmail.com,@7jmhAua^j,+1,9629865956,Others,1969-10-16,49622 Torphy Drives,Chinese,Both
0m3bz41xfj,Kennedi40@yahoo.com,pl556qar*F,+1,7946866158,Male,1966-03-20,1614 Luettgen Passage,German,Both
v1ur50pkk1,Mose.Bailey65@yahoo.com,wTkRi@Q7Dk,+1,9795754630,Others,1964-06-13,6898 Gorczany Creek,Chinese,Both
48biu9hfr4,Helen43@yahoo.com,@iIb5p^Z$p,+1,2500033623,Female,1994-11-19,5228 Dell Garden,French,Both
2nhx69hztu,Shaylee_Herzog61@yahoo.com,ynRMs!vRn@,+1,2040790841,Male,1997-12-10,982 Considine Mountain,Chinese,Receiver
qsrkw02ybv,Ray16@yahoo.com,ZT@3DBSlGU,+1,4011211268,Female,1951-03-15,840 Lakin Route,German,Both
1rm1zzfh5d,Harley_Homenick@yahoo.com,h^5qqBzoH1,+1,9649082354,Others,1998-07-15,39126 Brandi Light,French,Both
ei9q3lp8nv,Dominic82@gmail.com,KPYMf@Flxu,+1,2451224353,Female,1965-12-27,4490 McLaughlin Street,German,Receiver
66l45kc914,Rosalia.Rolfson81@hotmail.com,9^fN^q0#rk,+1,4614196578,Female,2004-12-06,427 Hessel Center,French,Receiver
kdmajfinow,Dominic_Donnelly96@gmail.com,ew&H!WaKgi,+1,1357945991,Male,2002-02-26,7889 Wintheiser Valleys,English,Caller
xokfkma7ns,Sylvan.Bins@hotmail.com,d#8QqxLM4f,+1,1596536003,Others,2004-09-23,3302 Gardner Meadow,Spanish,Both
ln1ndf4m71,Cecilia_King@yahoo.com,6^F^IyS*a%,+1,9986931068,Female,1985-06-14,6385 Nienow Circles,Chinese,Caller
8f6h7kp9qp,Faye.Kovacek77@gmail.com,T7k9tS^Zif,+1,0626831538,Female,1965-12-07,840 Bechtelar Roads,Spanish,Receiver
jhweusccij,Alize54@hotmail.com,H$f8b6T#e5,+1,5070420655,Male,1988-05-18,49994 Charley Mountain,English,Both
10h9n4fcqh,Rashad.Smith9@yahoo.com,KpS2m!&vD#,+1,7972384447,Male,2003-06-22,156 Nolan Village,Spanish,Both
d01ardq78e,Elmer.Haley13@yahoo.com,Ye1JdjEFmI,+1,3813568057,Female,1955-01-16,342 Schuppe Corners,German,Both
xkpq1aper2,Bethany90@hotmail.com,oI2@N1h&Gw,+1,5575039320,Male,1974-10-05,1225 Smitham Drives,Spanish,Both
02m1htr8iv,Arnaldo35@hotmail.com,DvqZitK4@*,+1,1911444958,Others,1983-04-06,2375 Douglas Plains,English,Receiver
5r4kw9mhfa,Liana.Grady@hotmail.com,9&SvpCqAb2,+1,0273103722,Male,1989-04-21,4415 Schumm Mews,Chinese,Caller
et5mrm2zal,Pearlie_Bechtelar@yahoo.com,hYHmuMADPu,+1,7948086729,Others,1985-10-29,24073 Weissnat Crossroad,Chinese,Caller
zhb4qb2wle,Rosella.Daugherty20@gmail.com,1ro2bHRL4U,+1,0402526246,Female,2000-10-28,5618 Lynch Ramp,French,Receiver
joqf9g148w,Merle.Cronin@yahoo.com,2uFY1H!Occ,+1,8180921724,Male,1979-07-11,66585 Weimann Cliff,French,Receiver
4ycd26by43,Pearlie_Nicolas43@gmail.com,bJi%KqOM$F,+1,6455922609,Others,2008-02-26,8810 Kristy Well,Spanish,Both
j692xsubkq,Javier.Huel2@yahoo.com,WTZyb8crzy,+1,9100300201,Others,1956-07-17,665 Anabel Rapids,German,Both
ik5dnpxqyx,Katarina.Stamm@hotmail.com,0kLkOFo5GY,+1,2709746824,Others,1976-12-27,59106 Tyreek Pike,French,Receiver
s2yy4g9y0i,Albina_White54@hotmail.com,^ApRX*726y,+1,7304447670,Male,2002-04-08,708 Cummings Islands,Spanish,Both
m1x6bp80x9,Ethel.Raynor@gmail.com,JU2lSIKEdG,+1,9740233121,Male,2004-12-26,231 Octavia Hollow,Chinese,Caller
tyzpesmqtu,Antonette.Walter12@yahoo.com,A35Qnif9a4,+1,1096362362,Others,1971-10-30,444 Sheridan Mountain,French,Receiver
8ld9eb7zf6,Aurelie89@yahoo.com,Yhw4MaAzRR,+1,1407950542,Male,1990-09-23,83355 Tom Prairie,Spanish,Caller
8lcjgk2ppq,Jayden.Hyatt@hotmail.com,#vVDRU$GwA,+1,3564806804,Female,1987-07-31,953 Enos Freeway,Spanish,Receiver
yobutr9x50,Meagan79@hotmail.com,9Q**B46u5e,+1,1049559206,Female,2001-08-08,5292 Mohr Key,Chinese,Caller
wnk77cwjvk,Tyra.Konopelski@gmail.com,tULYDI$NfO,+1,5103172964,Others,2003-12-28,9505 Little Fort,French,Caller
w0kkiuzy09,Carey64@gmail.com,qh4p8DzZBt,+1,0962567895,Male,1981-12-30,61793 Goyette Glen,Chinese,Caller
n2254nu6nc,Eriberto88@gmail.com,MLUsz00JoY,+1,3722510806,Female,1977-06-04,41385 Myrtie Mills,English,Both
s74zb021uk,Berta27@yahoo.com,zh3Pxo3mj@,+1,5941708871,Others,1958-05-21,3763 Jerde Harbor,English,Caller
ggloarjair,Asia_Koch25@hotmail.com,v1M55fSNx7,+1,0667029505,Male,1955-07-10,56145 Eloisa Ridge,Chinese,Caller
bwbug8utzl,Mitchel.Runolfsson66@gmail.com,MSgUMT6PFR,+1,5559323257,Female,1965-04-29,8952 Amanda Estate,Spanish,Receiver
ml1lywsg1g,Dalton_Kihn0@hotmail.com,2Fmdv0x0WT,+1,8082053187,Male,1973-10-20,9155 Trantow Skyway,English,Receiver
cx2rzjlxp8,Dion_Lubowitz56@hotmail.com,Q!kpnH$Jw0,+1,9621866632,Others,1994-03-18,65641 Runte Parkways,English,Caller
4xwzrpcfa2,Eleanora.Bednar@hotmail.com,h$ZUANv^OJ,+1,7696578930,Male,1998-12-21,817 Krystal Heights,French,Caller
d5pvbvynos,Deondre_Cummings@hotmail.com,uwZWpPb!TA,+1,0051225036,Female,1961-10-15,22768 Mann Spurs,German,Receiver
m28spjs59a,Dwight51@gmail.com,sAKytCI!Y3,+1,5283183714,Others,1955-07-22,9534 Eddie Oval,English,Receiver
qjzin0mvgo,Aliya60@gmail.com,lr8D4NHDKC,+1,8139168392,Male,1975-04-09,970 Alan Parks,German,Both
uk99hj3o7f,Keaton10@gmail.com,O*jOrEJx7F,+1,5268882401,Others,1968-08-28,9319 Ethelyn Drive,French,Caller
mp9vxnk7h0,Gregg_Hodkiewicz@gmail.com,nlt6ken^ub,+1,0025462650,Female,1983-10-20,491 Pollich Hollow,Chinese,Receiver
6im8jbpe3f,Sylvester.Wilderman38@gmail.com,6bGUhFEGuM,+1,8478077706,Female,1962-09-30,295 Hauck Extensions,French,Caller
zvwljvg67v,Jerome_Ferry@hotmail.com,Ev6k#3u2p3,+1,5120691478,Female,1953-12-27,39995 Trantow Centers,French,Caller
aqybkdad55,Rosina12@hotmail.com,e72&4SM8DU,+1,9477732727,Others,2004-09-20,78907 Braxton Prairie,French,Both
kmyqebop0p,Colleen.Kessler@gmail.com,&n0SX!cuOH,+1,6387106204,Male,1959-02-27,43573 Pfeffer Village,French,Both
amrpkfk0fv,Ashleigh_Morissette@gmail.com,quHNo!vxLC,+1,8987791742,Female,1973-07-19,36418 Fay Tunnel,Chinese,Receiver
crgn9acko0,Ferne_Maggio90@hotmail.com,6m*@EKk1CZ,+1,3984774223,Female,2005-02-14,4690 Jocelyn Turnpike,English,Caller
nrraw0knbz,Jennings49@yahoo.com,B8&m!djcOU,+1,7515355482,Female,1988-09-25,7994 McGlynn Falls,Spanish,Both
1wgdeu9kpq,Layne.Sawayn@hotmail.com,&DSelyFP$e,+1,2429411247,Female,1981-01-14,64071 Giovanna Village,English,Caller
78bc5t07u1,Aglae.Stamm@hotmail.com,^7AuKV4!pL,+1,3177498196,Male,1965-01-24,065 Isai Drive,English,Both
towyp05ud1,Lexie.Davis28@yahoo.com,vVevJymEMW,+1,3920476687,Female,2005-12-22,67637 Baumbach Grove,Spanish,Receiver
1o7jqbjc56,Buddy_Schroeder@gmail.com,HMWlVhR!B1,+1,0461460080,Others,1999-12-07,20912 Joey Spring,French,Receiver
piy8lw2nr0,Giovanny_Cummings44@hotmail.com,FaQkDSLOo^,+1,7990478578,Female,1961-03-05,90287 Yost Ways,English,Receiver
m09vahe2pr,Angie30@gmail.com,8HrcIf3OSb,+1,7643252874,Female,1978-04-18,054 Amber Corner,French,Both
uktjpv15o9,Dulce.Kihn97@yahoo.com,87Eg@Mq66H,+1,1151588406,Male,1972-12-13,051 Bryana Ramp,Spanish,Caller
ocha4hrq23,Dock.Hane22@hotmail.com,tq^GhcVkUX,+1,6743770835,Female,2005-10-12,2099 Ashley Hollow,Chinese,Caller
bm492sevy6,Matt_Hodkiewicz84@hotmail.com,et$rYctr%2,+1,3976146485,Male,1965-03-28,1968 Turner Parks,Chinese,Caller
zxq1vp7d92,Mallie_Quitzon50@gmail.com,^0sZ*LVenr,+1,8858354948,Female,2004-01-28,242 Casper Rest,Chinese,Caller
mee37bgnxd,Linda3@hotmail.com,Jn$29biyEN,+1,2550165619,Male,1963-03-06,515 Elenora Shoal,German,Receiver
se7jd6id02,Queenie.Langworth47@yahoo.com,Bj$lPrSZvO,+1,2479821226,Others,2003-08-05,085 Anjali Well,French,Caller
sfb5qm6fqw,Jerald63@gmail.com,KeL2smtFPW,+1,9300145962,Others,2001-12-30,386 Josephine Lights,French,Receiver
4rt92bbdoj,Hunter.Collier@gmail.com,Slltrd0rBV,+1,2801102289,Female,1969-05-07,98979 Tanner Dale,Spanish,Receiver
mdshz8pirj,Maxine69@yahoo.com,O^yE3HWnnn,+1,1448996728,Others,1997-11-07,18987 Presley Tunnel,Chinese,Both
88t011t62c,Chandler.Gaylord@yahoo.com,o!hL5@^ICr,+1,0729005778,Male,2003-12-10,2763 Jast Drive,English,Caller
e52iwl482y,Joesph70@hotmail.com,0dGqmm3nwm,+1,2554147884,Female,1991-08-01,44556 Watsica Branch,German,Caller
ujezf3dlr7,Justus_Willms50@hotmail.com,aC#fHZkgCd,+1,6564465181,Male,1965-07-05,964 Sawayn Stravenue,English,Caller
ee8qa446xn,Kacie28@yahoo.com,PIhad8W%cl,+1,5203476527,Male,1968-04-06,34478 Haley Spur,French,Caller
xcpyl23sgw,Milo_Tremblay31@yahoo.com,lzo&^hpBBE,+1,6087707864,Others,1974-09-18,3993 Frami Rue,English,Both
2hge3bcjxg,Adriana45@gmail.com,uEu0L#ITi#,+1,9168743225,Others,1988-09-09,597 Jeff Run,English,Caller
60p8f4p3q0,Evan_Predovic49@yahoo.com,OtQ1XPHMsG,+1,6847574829,Others,1993-05-11,06391 Lenna Fort,Spanish,Caller
vmtvf0d31t,Emerson.Bradtke@yahoo.com,!hh8DaKSbD,+1,1516738748,Male,1971-03-01,1931 Ilene Trail,Spanish,Both
t451c6tmnu,Sibyl39@yahoo.com,Yux##nEXTu,+1,2188145786,Male,1955-11-22,27058 Maymie Causeway,French,Caller
m4r9bint9g,Maximillian.Hickle@hotmail.com,Omr0OZzUXw,+1,8251212479,Female,1985-12-26,338 Daisy Extension,French,Both
019972b8lj,Sebastian1@gmail.com,N&Pmik*C4B,+1,8058865771,Female,2006-04-02,8877 Yasmeen Isle,English,Receiver
2ume4xjyvn,Clement23@gmail.com,Yz4BjjovPt,+1,9179389671,Others,1974-10-24,3323 Stehr Squares,Chinese,Both
02vc16ywsu,Wendy5@gmail.com,p2GD5QSJ&A,+1,0455702310,Male,2008-11-05,84410 O'Keefe Keys,English,Receiver
zeq0q2awmo,Orpha.Conn@hotmail.com,^Y5s%LZpwc,+1,6453717335,Female,1977-03-31,758 Kerluke Trail,German,Receiver
gt6m093wrp,Misael93@gmail.com,ajt7MyjlHr,+1,5079596355,Male,1965-12-09,64241 Morissette Spring,English,Caller
nliakxj9qv,Jayden_Torp96@gmail.com,d^X&nJ&5TH,+1,0469319354,Female,1985-12-25,8683 Nienow Ferry,Chinese,Receiver
3ixzcs9tsf,Denis60@hotmail.com,P#ec7xr0sA,+1,2790601043,Male,2005-01-04,81221 Alvena Skyway,French,Receiver
yah0caiok9,Celestine.Wunsch@yahoo.com,*F6uVqIOgf,+1,8239746638,Male,1963-02-20,2950 Judy Mountains,German,Both
jfcr22bu4e,Trystan_Christiansen22@hotmail.com,vBWdQoYEpZ,+1,1070904946,Others,1963-06-06,655 Desiree Falls,Spanish,Receiver
ga9g6ff85v,Athena.Lemke81@hotmail.com,Frdnxczsfl,+1,5058950499,Male,2000-02-04,4410 Torp Alley,Spanish,Both
s9ubavopo1,Allene_Ernser62@gmail.com,nV1ks&jqux,+1,3711514916,Male,1990-07-23,114 Chelsea Parkway,English,Both
qlutqyhxf2,Cierra_Bins38@yahoo.com,5d&hrvd8nZ,+1,1015929590,Male,1982-06-14,6563 Tia Falls,German,Both
agi0so8qnk,Bart25@hotmail.com,G!o!pudNHP,+1,8556379752,Male,1980-11-02,404 Jermey Neck,Chinese,Receiver
t8b72tgpfj,Frank.Lindgren51@gmail.com,%Jd0br$mt$,+1,8865802833,Male,1963-02-04,84842 Tyreek Islands,German,Caller
6nj1gfiix6,Reid51@hotmail.com,UHJ!Y%FiVc,+1,1465724309,Male,1952-07-22,100 River Estates,Chinese,Caller
yuqxde8du3,Miracle_Baumbach@yahoo.com,UrI5TxyGJ3,+1,4774116684,Others,1990-02-24,79161 Hills Square,English,Both
ewi5fo7iad,Omer_Kutch33@gmail.com,RI**52G305,+1,5050975354,Others,1988-01-27,2695 Terry Rest,English,Receiver
8imb9k5h0q,Alice.Kemmer1@yahoo.com,#RqcKsyC*X,+1,9048417684,Male,1973-08-19,3719 Gerard Field,French,Both
0kmg00rkd7,Yadira.Jerde89@gmail.com,A@bgAsv#O%,+1,3669230119,Female,1973-11-11,0217 Mina Isle,English,Caller
frd74tzesz,Helmer26@gmail.com,I6#Ij1Zqsi,+1,2196311958,Female,1992-01-01,20599 Lori Isle,German,Receiver
b8dsirx4e3,Demario.Bartoletti@gmail.com,Q&ICBC7wDQ,+1,8759312185,Others,1970-04-03,0739 Bartell Ways,French,Receiver
qd0kb9yh17,Veda43@hotmail.com,3cDl!R5bHb,+1,6408165122,Male,1950-01-09,793 Christiana Meadow,Chinese,Both
kiifkli320,Alexandrea_Larkin@gmail.com,x%HJseb3$V,+1,6757001306,Female,1960-08-02,79961 Abagail Parks,Chinese,Receiver
bf664cij1d,Conner52@yahoo.com,3W693#@0JB,+1,5510704923,Female,2008-12-16,101 Sanford Walk,Spanish,Both
r3cdy8zp7w,Aiyana.Hyatt5@yahoo.com,$2CqTfwktY,+1,0527576986,Male,2007-04-15,3518 Deion Green,English,Both
c0ct3l6n1f,Wilber.Dickens@yahoo.com,CcmzfnyzcZ,+1,3139044959,Others,1982-09-13,1140 Rohan Tunnel,German,Caller
djayi8jwl4,Amelia69@yahoo.com,ZV@uYuoU7e,+1,9123911867,Male,1995-01-10,731 Hettinger Groves,English,Caller
wzzd9yzut4,Wilfred77@gmail.com,#CppF5*tkE,+1,9832996908,Male,1986-05-21,3890 Buckridge Crossing,English,Both
o53fntaeld,Cortez_OKeefe40@gmail.com,xHz22sFxNd,+1,3557870953,Male,1963-06-15,40696 Sipes Lane,German,Caller
i6ntxz3s8b,Terrence49@yahoo.com,CSdDRe7pUw,+1,9895403246,Male,1986-05-15,219 Jacynthe Hollow,Spanish,Caller
5f0jd34bgd,Hulda_Larson@hotmail.com,ArbRjovvuU,+1,5618704639,Male,1996-05-10,7705 Braden Courts,English,Receiver
jful1efar2,Eloisa_Russel27@gmail.com,$VbEUHbk6q,+1,6001590207,Male,1996-08-14,35520 Meghan Isle,German,Caller
wvi5vwzzng,Skye.Ledner@gmail.com,!MV!G5&nry,+1,3273852256,Male,2010-02-27,47649 Bennie Lane,English,Receiver
qarvtqpfih,Ericka_Senger64@yahoo.com,LLs8n7ioP*,+1,9437875864,Female,1980-03-22,260 Loyce Overpass,Spanish,Receiver
ljnh6cql5w,Brisa.Corwin37@gmail.com,hpY^Ob4VbO,+1,4434761190,Others,1954-08-14,378 Marion Mountains,French,Receiver
kms7d54q6m,Cristopher_Dickens84@gmail.com,2UIM1IzTIa,+1,4153388277,Others,1951-09-10,62857 Katherine Shoals,Chinese,Receiver
7mcenmn0i0,Giovanni14@hotmail.com,NIplVBVS78,+1,4087476300,Female,1999-05-28,839 Luz Hills,French,Receiver
485i6iivy7,Trent22@gmail.com,hM2xC&!Ave,+1,6168020919,Male,2003-07-20,9421 Diana Ranch,French,Both
ga7d332zkg,Imani37@hotmail.com,C&xd@X9efE,+1,1135856829,Male,1998-08-22,201 Kerluke Vista,French,Both
chdqnb3ty1,Ned55@hotmail.com,G!Q93Z^gNg,+1,7575034871,Others,2010-02-03,14181 Betsy Way,French,Receiver
sjvwxepcyu,Sean94@hotmail.com,oNB@zWV^of,+1,3009449918,Others,1983-01-01,9445 Ismael Station,Spanish,Receiver
y8s93kty17,Malachi.Yundt37@yahoo.com,%!Hagn6$A7,+1,5230879690,Male,2007-07-23,19576 Hassan Parkways,French,Both
ad3x5dnm86,Lauryn.Denesik@gmail.com,jN%2dx1u1M,+1,3455899504,Others,1961-06-08,659 Lockman Corners,Chinese,Both
oe8jxfhn56,Monserrat34@hotmail.com,OfLYku8R$I,+1,8761793511,Male,1987-10-21,940 Bernie Flats,Chinese,Caller
6gqrruwwdm,Carolyn.Gorczany@gmail.com,!jfLzzsCrI,+1,5568512447,Male,1966-04-08,5712 Domenica Forge,French,Caller
p5gwck85yx,Rylee.Luettgen@gmail.com,pjpDpWz*yJ,+1,7802096015,Others,2004-10-03,81331 Vivienne Brook,German,Both
jpnhztduy0,Jacques_Wisozk98@yahoo.com,Hl3^c@vJNl,+1,1089261466,Male,1971-04-19,6437 Kirlin Divide,German,Both
z76lz6o1bg,Ahmed_Crona@gmail.com,Ul*qJfH4P8,+1,4528468851,Others,1994-12-25,95044 Buckridge Expressway,English,Caller
49jvera0vy,Cruz.Schroeder93@hotmail.com,h#zqF@3kU2,+1,0760420726,Female,1963-03-09,964 Samson Passage,German,Caller
tgs0mxqm6z,Isidro.Swift@yahoo.com,Hd48Q#&%!m,+1,7292184377,Male,1991-10-16,94603 Mills Trafficway,French,Both
08e19umfub,Johnpaul_Pfannerstill@yahoo.com,K^ethiEu@I,+1,4635181744,Female,1992-10-28,041 Kassulke Village,German,Both
6cba10cjg0,Reva.Grady49@yahoo.com,oU7g^fw8G&,+1,7976742370,Female,1968-06-08,0270 Fahey Extensions,French,Both
9uxibts8n7,Richie_Wilderman@yahoo.com,@%JMmxaSRU,+1,7840432340,Male,1961-02-23,35067 Emil Cove,Spanish,Receiver
1knjro73gk,Patricia9@gmail.com,^QUr22JhWS,+1,8083056850,Female,1981-09-25,876 Witting Well,Chinese,Receiver
7c4b3oitnp,Fred_Tillman64@gmail.com,zj74DdT^6D,+1,4862675538,Female,1975-04-18,11519 Hegmann Green,Spanish,Caller
ay1j7eh4pb,Kristofer.Homenick17@hotmail.com,L3iTNO4l!O,+1,8627751513,Female,1989-04-01,0231 Sophie Stravenue,French,Both
9u0qop9dzy,Yasmeen82@gmail.com,et3nE80qYD,+1,2960646503,Male,1998-12-02,207 Zboncak Court,Spanish,Receiver
ft00rv3rk3,Antonina92@gmail.com,mu4JxoOUBe,+1,5996630678,Male,2010-05-25,92952 Derick Fall,German,Caller
eduzhyivxt,Ignacio41@gmail.com,FSFMKtGpCo,+1,4496011116,Female,1987-07-05,48010 Ken Junctions,Spanish,Both
tbjileedbw,Issac32@hotmail.com,SFehxlEL%1,+1,8169641012,Others,1986-11-16,92469 Pacocha Knoll,French,Both
8s3segice6,Ned4@gmail.com,On2%&HXriA,+1,1276554703,Male,1978-04-15,958 Verner Flats,German,Caller
em6vy6236f,Eleazar_Hammes@hotmail.com,a76iq9cSMW,+1,2384569378,Female,1968-04-09,779 Ledner Village,German,Receiver
gbkxwmur9r,Ashlynn.Bruen@gmail.com,ezkAWI*j@O,+1,3763445490,Others,2004-04-09,633 Ondricka Lodge,French,Both
sbxblind5e,Candace50@gmail.com,cUDMIq7!25,+1,1060096600,Male,1976-02-25,76673 Sim Stravenue,German,Both
3jh1spr496,Rene77@gmail.com,M7SvTlVywV,+1,9513025587,Female,1979-07-02,03785 Bernhard Station,English,Caller
o5iflrnr7j,Laurie.Tromp5@yahoo.com,$Yg9K^1mw6,+1,5789345609,Male,1981-01-29,008 Alexandra Summit,German,Receiver
5u4z52bs67,Cathrine_Reichert19@gmail.com,Oa2QRDz&#S,+1,4492588703,Male,1996-11-10,024 Andre Rapid,Chinese,Caller
brorsv1o7h,Ozella.Watsica78@yahoo.com,ygyMTA^FB#,+1,2030825023,Others,1982-01-23,4753 Gislason Plaza,French,Receiver
0s9nzudlha,Grant27@yahoo.com,CEQS7jAh64,+1,1588547736,Female,1964-10-01,183 Halvorson Crescent,Chinese,Receiver
azr1wsmofg,Gordon82@gmail.com,cjkQpK6ewP,+1,8535823319,Others,2008-04-10,67727 Bahringer Brook,French,Receiver
hqtz9xcdco,Kory_Von79@gmail.com,meSSoO76Nu,+1,3472058177,Female,1982-03-10,1290 Carole Courts,French,Both
0al2v0fs2l,Estella.Bauch@hotmail.com,EbM%1l$ipd,+1,5275858301,Male,1952-05-05,839 Hagenes Walk,Chinese,Both
vwd70zdpc3,Jack_Rolfson@hotmail.com,DqLf3Gc2HZ,+1,4352934630,Female,2000-03-18,2856 Kreiger Shore,English,Caller
iswmmig7xh,Mohammed31@gmail.com,P$6@K47tpk,+1,7647145763,Others,1953-03-14,7787 Garret Cove,French,Caller
scl17vk3m7,Annabell.Reynolds@yahoo.com,IQPbwYI8S@,+1,5749198154,Others,1965-05-30,440 Torphy Brooks,French,Both
ispkq0dufi,Caterina_Lubowitz95@hotmail.com,i%8jyADSyT,+1,3353978011,Male,1951-03-03,6761 Jones Trail,English,Caller
cfndakgryn,Mable79@yahoo.com,*DgCQRw3yI,+1,2620271368,Male,2002-07-30,0338 Bahringer Run,Spanish,Receiver
zll0hrzmgg,Myrtice36@hotmail.com,t@kF9vvgLq,+1,4909916014,Male,1969-07-14,760 Roberts Walks,English,Receiver
0478ug8r0c,Horace72@yahoo.com,fqEMW23fXw,+1,5037319240,Others,1968-02-08,091 Emerson Lights,French,Both
cgto18g73t,Stan.Spencer@hotmail.com,4E2GgZ*5*o,+1,3051694992,Others,1996-07-23,98041 Sauer Locks,German,Both
xh9sy4rnfe,Carol5@gmail.com,ukryFAF#v8,+1,3865675356,Male,1993-07-09,879 Volkman Bridge,French,Caller
y8p7mc7mv5,Magdalen70@gmail.com,jZY6V!dXFZ,+1,5703318512,Others,1991-10-17,90098 Vince Crossroad,English,Caller
nqv3lu1xzv,Sid.Jacobs3@yahoo.com,Et&eR*mfCW,+1,3129616379,Others,1986-10-07,0071 Luettgen Mountains,French,Receiver
veyjxvr0td,Vinnie.Lockman@hotmail.com,TUzKZM8g*d,+1,9162507632,Male,1958-11-26,2679 Davis Inlet,Spanish,Both
88ra0cwt31,Gerson.Daugherty@yahoo.com,qdEWu2c@#B,+1,4427654656,Female,2003-08-15,347 Pacocha Garden,German,Both
1nvc4khe0w,Katherine.Pacocha@gmail.com,Gdm*L%OXC@,+1,3111636435,Female,1977-06-26,860 Lera Via,English,Both
lzy4hq5jxf,Freddie59@yahoo.com,^DsJpF^44I,+1,7214343736,Male,1953-12-03,8125 Prosacco Valleys,French,Caller
ekh0q8weip,Brycen_Friesen@yahoo.com,w@&RQk%cAb,+1,3849768348,Male,1970-05-24,5370 Brakus Mission,Spanish,Caller
lh1715qb6b,Jadyn.Crona26@hotmail.com,tPPg7WNg%t,+1,8204260289,Others,1953-07-23,76771 Parker Drives,German,Caller
hfrhg1vmiz,Albin_Corwin43@hotmail.com,#GonV@jvBA,+1,6929209242,Female,1994-06-01,549 Angus Orchard,English,Both
dsh340aotm,Kirk_Schmidt@yahoo.com,1h!vzve&JU,+1,1579775302,Female,1980-07-17,0142 Virgie Burg,Spanish,Both
steut5nkj3,Brando.Batz88@yahoo.com,DV9nNfRlDO,+1,2113477707,Others,1996-01-22,41614 Cesar Well,Chinese,Receiver
rm1quw73fu,Eusebio_Shanahan38@gmail.com,uPB$CM$r$t,+1,1332020315,Others,1980-06-28,4730 Afton Terrace,English,Receiver
x2jiijyigs,Gonzalo_Howell@hotmail.com,kEoIgT&!Ei,+1,3548444633,Male,1963-05-24,30695 Tillman Viaduct,French,Caller
nr0fs02s03,Jillian26@gmail.com,xuO4yzmu2N,+1,8914224039,Others,1981-04-07,9615 Michelle Trail,German,Both
2pddntbxbz,Henderson_Gerhold99@yahoo.com,bMzf8!UH&K,+1,2649408235,Others,1956-09-16,0515 Eric Neck,French,Receiver
nb2zfc1quy,Flavie67@yahoo.com,kzrlz^wZZR,+1,5511338937,Female,1984-10-03,01436 Stark Underpass,German,Both
mr6l1l9rx1,Reta_Schaefer@gmail.com,PiFP2LjD6p,+1,3261688378,Male,2001-12-17,1207 Reinger Greens,German,Receiver
8gvu568jf7,Laurine52@gmail.com,^wWMNJqeF5,+1,9698310192,Female,1954-09-18,09429 Keeling Lights,Chinese,Caller
ww9hut2n35,Lavinia_Miller61@hotmail.com,7mSczwmEy2,+1,4240855606,Others,2008-11-02,0042 Treutel Meadow,Spanish,Both
ro8zxxxty1,Johan17@yahoo.com,mI786idTvT,+1,7620027376,Male,1990-01-08,347 Elisha Plains,German,Both
jmmzk87ji6,Marcelino81@hotmail.com,RbU2Usa@tE,+1,7153407345,Male,1990-02-06,132 Beverly Keys,German,Receiver
z8nxtmzu72,Marianna_Torphy88@yahoo.com,DN0p7m!FnM,+1,8333486421,Others,1980-10-04,530 Elliot Overpass,French,Caller
bj4eu7d4pb,Hayley.Langosh@hotmail.com,AJQtcNaMN9,+1,3660722818,Others,1976-02-29,992 Turner Forks,French,Receiver
epoijed36t,Valentina_Reinger52@hotmail.com,onT^k^Pxyu,+1,5824278345,Others,1982-06-27,6723 Madyson Extensions,Chinese,Caller
a66aszxb8j,Lavonne67@gmail.com,hajDL$tAuu,+1,0720802323,Female,2009-02-14,134 Kathlyn Tunnel,Spanish,Both
dhgch84735,Mitchel_Torp@yahoo.com,u$AePK&rC8,+1,8817846816,Others,1950-06-03,2181 Torrance Wall,English,Receiver
ze06bwzy9k,Phoebe18@hotmail.com,S2lyZeOKFU,+1,0258832349,Female,1997-11-16,1195 Vernie Place,Spanish,Caller
a3fr0tonfs,Alexa_Gutmann@yahoo.com,06sdYVneHp,+1,5519080785,Male,2001-04-27,53532 Oda Rue,English,Receiver
hrwpkvslkg,Ezekiel50@gmail.com,kn99oZA$M6,+1,0966400361,Others,1999-12-07,41543 Casper Inlet,English,Receiver
o9mgjp1qub,Heather.Smitham@yahoo.com,sud&HOHqpD,+1,1705575208,Male,1985-02-07,78766 Hillard Loop,Chinese,Caller
5sthwtp8a4,Gavin69@hotmail.com,hE8dK1iAk1,+1,4334461963,Female,1973-06-19,4573 Quitzon Viaduct,Chinese,Receiver
33nny759ab,Pearl.Harris@gmail.com,U1gfPV8v6N,+1,0600584030,Others,1986-10-21,209 Jacobson Overpass,French,Caller
6ctkn70ce6,Leonora.Collins@yahoo.com,5kpLaCxj#t,+1,8332806229,Others,1962-12-05,3125 Abshire Unions,German,Caller
ui8z65w4nf,Easter_Ryan0@hotmail.com,^QQxXtluYX,+1,8654062117,Male,2002-02-21,24565 Emard Creek,Chinese,Both
f4c203smvj,Jordyn1@hotmail.com,Azdm@fXCo1,+1,3082574506,Male,1993-10-24,163 Hodkiewicz Bridge,Spanish,Caller
3az61qtbif,Celia.Schmitt58@hotmail.com,iaacC$si*&,+1,0793366082,Others,1965-06-03,31928 Berge Inlet,German,Receiver
vwaya3xsk0,Aiyana.OReilly49@yahoo.com,FG9jiN2yJP,+1,7448745019,Female,1963-11-08,22742 Parisian Neck,German,Both
5cm3ynag3n,Efrain3@yahoo.com,&opGeWti&K,+1,4293943743,Others,1995-07-21,8235 Upton Via,French,Both
b1hmnpac9a,Zackary.Rogahn@yahoo.com,0lYeUWL7Ls,+1,0747477295,Female,1961-03-14,074 Armstrong Forges,German,Receiver
vnnc18hpwn,Keara_Stamm2@yahoo.com,wY8WrYsM@D,+1,9122954096,Male,1955-11-03,534 Beatrice Fort,French,Receiver
89dh73wa7q,Wava.Bruen13@hotmail.com,*g05Wzvn^M,+1,7552926449,Female,1969-03-10,1617 Britney Manor,German,Both
vpo41mzepi,Casey.Dicki93@yahoo.com,dq5#jG#gWx,+1,6792507129,Male,1968-01-22,044 Sadie Parkways,French,Receiver
a2iemmrvzp,Lillie.Reilly63@yahoo.com,WwY1yd^J1y,+1,6913469969,Male,2004-11-10,847 Lehner Gateway,Spanish,Receiver
woyjfx3y1l,Alexandra_Muller39@hotmail.com,eSMYvCS&EZ,+1,0596212160,Others,1996-03-04,94344 Eldon Isle,Chinese,Receiver
60ys5okyqu,Bette.Nicolas@hotmail.com,wfui9nb$D*,+1,9126241852,Others,2007-07-12,419 Beatty Ferry,German,Receiver
2mqorzfx3k,Jada_Koch@gmail.com,Vv$Jk8%yeY,+1,3087983362,Female,1985-01-17,6185 Roob Hollow,French,Receiver
1sfnvpr6hi,Tracey.Batz@hotmail.com,369iPhkfEY,+1,7743710325,Female,2006-05-10,0415 Freeman Port,English,Caller
3wsuw9fdnv,Gavin15@gmail.com,dVBOo5GwNP,+1,3320681270,Male,1972-05-22,771 Hintz Viaduct,French,Receiver
xxqn90ipbr,Burdette_Hudson72@gmail.com,Tz&Rr*HVcf,+1,5067907038,Others,1975-11-16,79297 Parker Shore,Spanish,Receiver
kdbfdisnqp,Pinkie7@yahoo.com,6IaHN4tUFP,+1,2446157762,Others,1996-08-09,951 Cartwright Estate,Chinese,Caller
j8yzi06gv8,Javon.Gutmann87@gmail.com,!LlTO30Z#J,+1,4196645237,Male,1979-03-12,089 Elliot Corners,French,Both
hrt53p8fe7,Camron_Howe@gmail.com,1#sCGeDv1W,+1,5956193000,Others,1995-11-28,311 Levi Highway,French,Caller
knjkiyvae8,Susanna32@gmail.com,gIEx*&T#Yl,+1,0613474687,Male,1993-12-19,09849 Brook Centers,English,Receiver
v0kwue24zv,Dangelo33@gmail.com,pG0w%1yBk@,+1,3586511193,Others,1957-07-22,21494 Gaylord Mission,German,Both
rv9b2d83y8,Gwen_Pacocha@yahoo.com,!NDOAdndZ0,+1,8687974695,Female,1991-04-21,0732 Shields Skyway,Spanish,Both
grxl4p0kwc,Florian_Leffler57@hotmail.com,ltVZBV8jUl,+1,6101183515,Male,2007-03-16,15038 Spencer Mission,Chinese,Caller
799d5wq4tt,Rollin_Zieme@hotmail.com,oxacMJcw5o,+1,6569218892,Male,1963-04-27,1275 Shanon Mount,Spanish,Caller
1hmk0rbu86,Maude.Little4@hotmail.com,Zbls7QcF5Q,+1,1326136496,Female,1959-10-17,8737 Tressa Lights,Chinese,Caller
w7w4zlyeyb,Abdullah.Rippin27@gmail.com,CD$N^C9s0#,+1,7141258780,Female,1994-09-26,33560 Kasandra Views,Chinese,Caller
tg0vv9nsqx,Obie_Brakus79@hotmail.com,qxDrc24A#5,+1,4269380674,Others,1977-01-18,538 Sheila Falls,English,Both
4cyzulw0g6,Juvenal91@yahoo.com,pdIpq#@y#1,+1,9039032876,Female,1993-10-30,71209 Dibbert Avenue,French,Both
fb52fi4c6h,Kacie89@yahoo.com,TWSMXQ77k@,+1,6424998933,Female,1955-05-11,997 Gutmann Centers,German,Caller
9dkhymub2q,Christelle.Nikolaus@yahoo.com,V4Z9CXbVb&,+1,0537946816,Male,1993-03-27,090 Linnea Lights,German,Caller
2cj3onofuf,Mylene.Feest@yahoo.com,kfexjQWWH#,+1,6986385140,Others,1980-09-23,0721 Otho Throughway,Chinese,Receiver
nos6np16bj,Emery0@gmail.com,cJ^ndOfseX,+1,1722277793,Female,1966-09-01,806 Rowe Road,French,Receiver
hoa52l8ptb,Arely_Hayes@gmail.com,^&b*ReIz2X,+1,9615133804,Male,1961-10-20,3650 Sawayn Summit,Chinese,Both
ls50p8jv37,Nelda24@yahoo.com,aOJ$jPNB7#,+1,7242904196,Others,1969-08-31,761 Jakubowski Forge,Chinese,Receiver
8xrpdzwybr,Joyce19@gmail.com,m$4dYFGysK,+1,1143023537,Male,1993-04-28,5555 Reilly Port,Chinese,Receiver
qmppw02dq8,Reggie_Gerhold@hotmail.com,JZzbshFRt7,+1,7214843627,Others,1992-10-01,00729 Mayer Glens,French,Both
r6gve94odb,Abigayle44@yahoo.com,E*pY$W&9ph,+1,3450665918,Male,1982-03-25,62831 Mckayla Coves,English,Caller
hai6h3ucbw,Janie66@hotmail.com,oaRmaTYpet,+1,1041598281,Female,1972-11-14,488 Brekke Manor,Spanish,Caller
7fkqbin7ay,Skye.Leffler24@yahoo.com,w8It!zpXio,+1,3818377781,Female,2007-03-30,38641 Jaskolski Alley,English,Receiver
17rke789ee,Charley_Watsica2@yahoo.com,O1ld1IhETz,+1,3681969371,Female,1976-01-08,89981 Karolann Plain,German,Receiver
9ubyab2gjw,Russ.Dibbert@hotmail.com,MvqJKeu1zr,+1,7161412803,Female,1968-02-02,08591 Roel Coves,Chinese,Receiver
rdr5w3dqde,Zena90@yahoo.com,*9u$0*NVUF,+1,7057330044,Female,1982-10-28,621 Spinka River,Spanish,Receiver
2io82pz6zy,Jesse.Harris@gmail.com,dhWY*ikulh,+1,7263980345,Female,1998-02-16,837 Lina Plains,English,Caller
chaiz6o0bj,Lou_Schultz@yahoo.com,ztN3HNFZPZ,+1,0208911628,Male,1976-08-20,45276 Stamm Keys,French,Receiver
v3icnjii3i,Rogers32@hotmail.com,Uq*#CZzVXR,+1,4061398212,Male,2008-11-22,4392 Koch Lodge,English,Both
vi450wkqds,German8@gmail.com,V*BC7nNHuu,+1,9767242706,Female,1981-03-10,26480 Corine Springs,French,Receiver
nvd70ijxv8,Garret.Jones21@hotmail.com,vgXlQ73c3!,+1,6632856816,Male,1953-10-12,4591 Wisozk Estate,German,Receiver
3k5xcstr9v,Earnestine_Kunze@gmail.com,7RGLDnpRnx,+1,1598565206,Others,1968-03-30,87028 Sarah Station,Chinese,Caller
p6bgds1i19,Keagan4@gmail.com,QD%z0KoytF,+1,8619114678,Male,1972-03-19,69153 Abbott Hills,English,Both
337op8kb7k,Dawson35@yahoo.com,2A53ePIizh,+1,7551416026,Male,1954-03-16,327 Huels Harbor,Chinese,Receiver
ym7fwzf69u,David.Muller31@gmail.com,%btL$kmHJq,+1,7823256700,Male,1961-07-11,1912 Ernest Manor,Spanish,Caller
rjs54hzhn5,Antonia35@hotmail.com,JJtzSeUuUo,+1,4614560776,Female,1964-02-01,7337 Kaelyn Passage,Spanish,Both
cffa4idgoj,Elouise_Doyle@gmail.com,PgGgZz^TEz,+1,4445957812,Others,1985-05-12,639 Leora Circle,Spanish,Caller
m43ajskcfs,Yolanda19@gmail.com,2*cI%wxT*B,+1,8571849245,Male,1966-04-27,31387 Dare Mall,Spanish,Both
i0efnj1jz9,Linwood_Mertz@hotmail.com,favE$mn#y1,+1,2935708340,Others,2008-10-11,42539 Kyra Run,English,Receiver
00bcs7soqx,Pierce.Bode12@hotmail.com,K082@XC%FO,+1,9997092558,Male,1954-05-12,45579 Lauren Lodge,English,Caller
hl66zxqmww,Susan.Howe@yahoo.com,bagJUMFYKZ,+1,3396610258,Others,1983-09-22,93761 Lisa Heights,French,Both
8pjpohunei,Wanda4@hotmail.com,jYjop7$&@*,+1,7451938108,Female,1992-09-02,74907 Elisabeth Pines,Chinese,Caller
w68yuznfw5,Carolanne7@gmail.com,tEc^Uxs!Nd,+1,2384962205,Male,1983-06-04,07685 Mosciski Expressway,Chinese,Caller
12d8vgo56z,Shanny.Parisian@gmail.com,BQPr6rrjjp,+1,4593909432,Others,1960-12-30,70777 Christelle Center,Spanish,Both
p4z6cn64lu,Kaia72@gmail.com,4uq^xVMqvC,+1,9499002411,Female,1950-03-28,402 Howe Pike,Spanish,Both
u6kgpoxhdh,Ubaldo_Beatty43@yahoo.com,J56IjdtTH7,+1,2261128432,Male,1965-04-22,3951 Predovic Mount,German,Caller
7d7sphhvmy,Khalil.Witting@hotmail.com,utjBbQszVj,+1,7282985977,Male,1958-09-06,98190 Miller Ville,Chinese,Receiver
xn2m5h28cy,Efren_Tillman96@yahoo.com,eNbRnmH%75,+1,1233086923,Male,1994-02-25,83724 Larkin Squares,Spanish,Caller
wc07o10col,Kayley.Toy@hotmail.com,cLR*gxj@xb,+1,7703019016,Female,1983-04-24,9988 Jayne Causeway,Spanish,Both
i7rci9h3j8,Maxwell15@hotmail.com,g71q4lacoX,+1,5649502006,Female,2002-05-11,286 Bessie Islands,German,Receiver
i9dszquvrr,Jane.Nienow@yahoo.com,svc8WryRd#,+1,0293299399,Female,1990-06-09,4257 Senger Lake,Chinese,Receiver
odjsd7z4a4,Alan_Ward17@yahoo.com,nvclhfqkMV,+1,3813409495,Others,2010-06-13,5167 Kassulke Expressway,French,Receiver
m002aj7llh,Jakayla53@gmail.com,5Oa9ew3b!2,+1,2382729205,Others,2010-10-26,6588 Nelle Locks,French,Receiver
4pj4qfqmri,Thora.Muller@gmail.com,80B*bwMv&9,+1,4498798171,Female,1983-04-28,566 Rolando Cape,Spanish,Both
l946lnck4e,Sadie71@hotmail.com,W!jpCDwTdI,+1,7094772269,Others,1981-08-21,2848 Crona Hill,German,Caller
e8dlo2m56e,Colten.Lemke23@hotmail.com,#9gv2tN7CD,+1,0996206335,Male,1968-09-21,644 Ledner Springs,English,Both
cwhnt8hzd4,Sheridan_Stamm5@hotmail.com,NNzzBqsQ#m,+1,9238585710,Female,1968-12-19,3659 Lehner Gardens,Spanish,Receiver
1qb8ep9nyc,Laurianne32@hotmail.com,pdo12IYmVY,+1,9322857948,Others,1985-04-07,51077 Hazle Gardens,German,Caller
5cbus3go7l,Constantin_Hermiston72@yahoo.com,RYmm22o!Kp,+1,5599621903,Male,1956-08-30,367 Cedrick Stream,Spanish,Caller
wslgej8em1,Travis82@hotmail.com,1JeK&CIvJd,+1,8933390798,Male,1954-03-27,21096 Rolfson Alley,Chinese,Both
if8ktka1lj,Carolina_Stark@gmail.com,e8*gF8hRqo,+1,2712356158,Male,2006-11-21,24432 Maggio Station,Spanish,Both
l78n79eu1i,Bennie_Hilpert@gmail.com,G^^mGaY!mT,+1,8238242987,Others,1974-11-12,0670 Corwin Centers,German,Receiver
9y1lh235n9,Destin_Keebler50@yahoo.com,%nFug8I^pU,+1,6744257240,Others,1970-12-21,71760 Okuneva Summit,French,Caller
rotpy1wng1,Adela.Friesen@yahoo.com,063RcdBXI$,+1,8192859136,Others,1962-11-12,3672 Stoltenberg Turnpike,English,Caller
pm8vcfiwej,Rupert26@yahoo.com,9qfl$IDphJ,+1,2164338282,Female,1988-11-11,57028 Keebler Road,Chinese,Receiver
r236ymghg5,Nellie.McCullough37@gmail.com,P$XwSM*WCH,+1,9705714427,Female,1976-08-04,89406 Miller Squares,Chinese,Caller
027bsolv9n,Fiona.Kihn@gmail.com,CGI@7zdjSp,+1,8124584907,Male,1987-06-28,5981 Rodrick Junction,English,Receiver
77ix9eeqax,Sage.Conn@hotmail.com,o@7#UklCrF,+1,0965393658,Others,2007-10-21,571 Feil Lake,Chinese,Both
7q7vunj3zj,Brant44@gmail.com,jN&6##kI$w,+1,1123406194,Female,1967-11-05,106 Michael Row,Chinese,Both
jn6t87d0qb,Estelle.Becker@gmail.com,*bWLeQx3en,+1,8577472666,Female,1957-11-18,180 Wunsch Creek,Chinese,Receiver
tu6gmvgp20,Alexandre.Paucek58@hotmail.com,4ZKALe9iTs,+1,0168039247,Male,1954-01-04,379 Leonor Stravenue,Chinese,Both
swjbj6e1tt,Cody_King55@gmail.com,KqyvSvD5*j,+1,4874637602,Others,1955-06-16,5755 Ambrose Flats,French,Both
d3tvoqkft7,Sven40@gmail.com,Tl12*Lb%$q,+1,8060303941,Female,1964-06-24,6261 Telly Ports,Chinese,Both
bt1unrt91c,Cameron_Jerde@hotmail.com,BT5RKNVQrY,+1,0166227022,Female,1972-04-02,27405 Hobart Row,English,Caller
yoypozo48h,Lela_Cole@hotmail.com,yoD3QPQE!V,+1,5577520148,Female,1971-11-15,1193 Russell Turnpike,Spanish,Both
qwquhqgrhg,Misty_Hettinger@hotmail.com,iIJY8E9p$q,+1,0296365809,Others,1957-07-15,0156 Lakin Park,English,Both
b8ynvwvd72,Jadon75@yahoo.com,KDPdaXBoxa,+1,4799806683,Male,1989-03-23,2781 Hackett Roads,Spanish,Both
oc5pdr82ph,Elroy_Little82@hotmail.com,sJVpDoijd0,+1,9765025194,Female,2005-06-20,54687 Ayla Via,German,Receiver
yawf5f5ilp,Carlos.Feil43@hotmail.com,AZjwJRK7TV,+1,3887332701,Male,1989-07-20,2292 Swift Lodge,Spanish,Receiver
t83nc0hc7k,Bo_Rodriguez15@gmail.com,sjaQVfNkXP,+1,5157146953,Others,1951-05-27,8981 Ayla Mountain,English,Caller
cawrsjpv3i,Vincenza_Dooley41@hotmail.com,%hZ7ozLwmR,+1,4713043390,Female,1974-07-15,32555 Alvah Flat,Chinese,Caller
bjxf7xvpsz,Chris.Altenwerth@gmail.com,A55g7&Dl7o,+1,7886904694,Female,1977-12-23,491 Nolan Cliffs,English,Caller
dspjvk0re5,Elza27@hotmail.com,mTpJoe$1RF,+1,2310785961,Male,1994-09-07,6863 Harvey Forks,German,Caller
5lrpkuo6mu,Lyda99@hotmail.com,WyR0ILmYhw,+1,3121651150,Female,2005-08-21,92349 Mikayla Forge,French,Both
jspr38wza0,Cleve8@hotmail.com,kHfXCn#!lt,+1,7491905562,Male,1984-11-08,262 Humberto Ranch,Spanish,Both
iutczgch11,Sylvia_Sauer36@hotmail.com,t7c&RG*ltn,+1,2462639679,Others,1959-10-18,04951 Justine Corner,French,Both
gniv76b8gk,Aric13@gmail.com,y^q#ZdMCqF,+1,4948747829,Others,1952-03-28,68885 Predovic Skyway,Spanish,Caller
0pd8c41xpu,Everette73@gmail.com,iEPsxkhGM!,+1,5342108181,Female,2006-02-19,54899 Dickinson Ranch,French,Caller
lyq23jo58a,Lisa74@gmail.com,0R%mUuVIn0,+1,1462419171,Others,1963-01-12,1242 Halvorson Ports,Spanish,Receiver
dt4oo1v02l,Destini55@gmail.com,fK0lG$Qunt,+1,5967668945,Female,1970-11-21,482 Lucius Mews,English,Receiver
wtch49lf52,Roosevelt25@yahoo.com,@NEaDHMxsL,+1,0498927902,Female,2002-08-09,726 Lynch Isle,French,Caller
yetep9f5pl,Jedediah_Jenkins6@yahoo.com,Mey@9tB!Mw,+1,6396683655,Male,1956-05-10,40378 Frederique Harbor,English,Both
c9ll97zl6m,Guido.Tromp47@hotmail.com,o*tEQLtT*U,+1,9333587880,Female,2008-11-27,5866 Sauer Haven,English,Both
77itmyj35x,Cassie_Jast12@yahoo.com,VY!A$^XplV,+1,5197861355,Female,1993-04-24,360 Lowell Bypass,Chinese,Caller
momj9umqzn,Alfonzo_Hand@yahoo.com,b1rEXCqF*C,+1,8263445617,Male,1963-02-07,0770 Stefan Courts,Spanish,Receiver
iy5clk30ww,Colby_Swaniawski@yahoo.com,z@iqtMLp$8,+1,7538764459,Male,1997-12-29,827 Queenie Alley,German,Receiver
dld7bt3z9r,Agnes37@hotmail.com,%uXTQ955k!,+1,2406814471,Male,2000-11-15,593 Milford Street,German,Caller
1gpx6743oh,Melody_Jerde59@yahoo.com,HdO4uwDzuF,+1,1306364113,Female,1974-12-11,19797 Hickle Skyway,Chinese,Both
esv3687369,Albin.Yost@gmail.com,YVzy3DgnjO,+1,4140712863,Male,2001-09-21,2656 Lazaro Loop,German,Both
3jm1kwyrc4,Bradly.Stehr@gmail.com,GnMyzL4D2s,+1,8202434700,Female,1954-12-02,048 Schuster Via,German,Both
48or5hnn8c,Casper_Bins29@yahoo.com,qUXUdkmV2L,+1,4143380911,Male,1971-11-21,89690 Boyle Mills,German,Caller
ir958946j3,Everardo.Lubowitz@gmail.com,obGXsIqdnq,+1,9137554451,Female,2005-09-15,348 Stracke Roads,French,Both
dtyyklytnq,Leon.Fisher@gmail.com,S@Nesn5SW@,+1,6817853388,Others,2010-06-17,748 Vandervort Mountain,Spanish,Receiver
9lvr3n6e3d,Burley.Hessel@yahoo.com,GHjP8IA25H,+1,5828163680,Others,1983-08-14,8491 Schamberger Rest,English,Receiver
7wk78ro4uz,Shannon.Reichel7@hotmail.com,owQ#PtkNTx,+1,2585031589,Male,1971-12-04,251 Kozey Oval,French,Both
04btjmc8xi,Pinkie_Bednar68@hotmail.com,TE*MydDq&h,+1,5057826704,Male,1988-05-07,6474 Kassulke Well,French,Receiver
79p58md7kt,Royce.Mertz74@gmail.com,6neJmN3zn9,+1,9158978034,Male,1959-09-25,8062 Ken Rapid,English,Both
r9u0uf2chw,Deontae_Armstrong@gmail.com,#XneTDYrjy,+1,4091714332,Male,2007-01-08,7056 Trycia Stream,German,Caller
y6hmp19rb7,Marjolaine.VonRueden71@yahoo.com,d@bHDeai#6,+1,5698119906,Female,1997-04-28,972 Gaston Ways,Spanish,Receiver
82l5m0zzwu,Yesenia43@hotmail.com,H8cdviOj@l,+1,2472378363,Female,1983-02-17,317 Prince Summit,English,Caller
qzcye5ofn5,Jaylen_Pagac@gmail.com,fvo4g64GkY,+1,5149813097,Male,1962-04-11,630 Chanel Shores,English,Both
qb6vk1r3n6,Gussie.Koepp@hotmail.com,ARB60efwQa,+1,2364070694,Female,1978-07-04,43445 Gus Route,French,Both
7ue2eui6lt,Milo91@hotmail.com,F8#Sg%o1Mz,+1,0660950813,Male,1954-07-22,1368 Schroeder Dam,Spanish,Caller
xhl6h7a2yh,Dana94@yahoo.com,tZoU7xc*&D,+1,0328310304,Others,1983-02-15,581 Trace Forge,Spanish,Receiver
8n7ibx2156,Kathlyn42@gmail.com,zIwLhF*&il,+1,9988678640,Male,1982-10-02,2838 Christelle Pines,French,Caller
cn68ypwroe,Orion.Waters77@hotmail.com,HAL!f3rjt8,+1,4497967976,Male,1987-08-11,1686 Darren Springs,French,Caller
lzou0sk7ru,Bernardo_Murphy@gmail.com,YW7lMdXSSg,+1,1874903410,Male,1967-08-22,51980 Schuster Rapids,Spanish,Receiver
ts07rfafye,Itzel56@gmail.com,N^Hg%aHxQF,+1,2087471467,Female,1994-05-16,028 Stracke Trafficway,German,Caller
nskbzvgfao,Dale66@hotmail.com,vhMtRaKVxe,+1,6565088435,Others,1967-07-12,78166 Salma Canyon,Chinese,Caller
4mwjtgg9el,Jimmy_Skiles25@hotmail.com,o1Dn$^%4RP,+1,9080824760,Female,1957-06-03,545 Aubree Radial,English,Receiver
4cmr9pwr9i,Nick.Murazik@gmail.com,&DiFbK*Qh1,+1,7074185359,Male,1998-09-25,1785 Eunice Alley,French,Both
r9ceyqpq9t,Alessia57@gmail.com,oQbK1uLSui,+1,1914100170,Male,1987-07-06,22772 Doyle Cape,German,Receiver
xj91idn8j5,Camryn.Beer@gmail.com,pDvPTqP0ED,+1,1670825258,Others,1965-12-17,874 Coleman Glen,English,Caller
g9znq4vhvo,Katrina_Bergstrom41@hotmail.com,vROsO$ztwe,+1,3848910566,Female,1975-02-04,0827 Alfred Lake,Chinese,Receiver
2otvwtrix0,Wilma.McGlynn65@hotmail.com,FvQkaTQ2Hk,+1,1016473193,Female,1999-04-07,3251 Iva Hill,Chinese,Receiver
3xva349vnn,Elwyn11@gmail.com,7tpaj85Lyc,+1,6317452355,Others,1952-07-07,94033 Hand Forks,English,Both
ivesaadt8k,Rebecca_Strosin45@yahoo.com,7jBXip0RIp,+1,0142042857,Female,1981-07-19,9688 Hagenes Spring,German,Caller
utwkuidnpi,Morton.Jones28@hotmail.com,^VJ4uLSnx$,+1,0948239659,Female,1955-05-09,4862 Rohan Groves,German,Receiver
lc1zghimhi,Madeline.Gutkowski@yahoo.com,NYSctCG$K*,+1,0037303116,Male,1967-07-02,245 Friesen Valleys,Chinese,Both
ec6py1wmt5,Effie.Armstrong@hotmail.com,RMp@N5ZM9@,+1,9512342451,Male,1997-07-28,56971 Stehr Inlet,German,Caller
1frrwz9llm,Margot_Marks56@hotmail.com,tnYOGbIgBL,+1,1551316342,Female,1958-10-27,17777 Hamill Way,French,Both
hggvtxtp4h,Denis.Jones@gmail.com,FfVDzJHJuN,+1,0860240757,Male,1978-11-27,06940 Uriah Track,Chinese,Caller
c8yyli8nen,May_Bailey94@gmail.com,p&NelXC8E*,+1,0524679143,Others,1995-06-23,041 Royal Estates,French,Caller
ftklzi3ywa,Mackenzie82@yahoo.com,qS!Ww42r@G,+1,1044028805,Others,1985-08-12,87641 Rubye Valleys,English,Both
ifgwveva33,Ernest61@yahoo.com,o2c&#*9pUG,+1,9345797792,Others,1991-11-09,498 Devin Mission,English,Both
p4764ojgu8,Adrain69@hotmail.com,Yd%sGiO#$s,+1,1364249919,Male,1981-11-20,51270 Carter Canyon,Chinese,Receiver
3vv8iu3t8m,Penelope.Hackett@yahoo.com,oaRn55jFQy,+1,2703773225,Others,2006-08-29,874 Ruecker Locks,Spanish,Caller
zkjregtpu5,Janie_Wunsch@hotmail.com,T7iy%QlRvw,+1,4468763580,Female,1990-11-10,149 Lind Rapid,German,Both
lz2r8tpqap,Madisen_Marks50@gmail.com,0AsjS6@@!5,+1,3008977709,Others,1963-06-28,1077 Kiehn Wall,Spanish,Caller
ay7znvpkvk,Mabelle_Runolfsdottir@gmail.com,&ac@PEeGSn,+1,5040846676,Male,1975-11-05,67415 Mueller Spur,Spanish,Caller
9hm9ecxuvm,Margarette_Runolfsson29@yahoo.com,T^fOhjPYB1,+1,2517408341,Male,2006-10-09,193 Lockman Trace,English,Receiver
is0u693gqn,Jayda.McCullough66@gmail.com,PEaM&@8qkF,+1,7695163602,Others,1984-06-21,72649 Felicity Spurs,Spanish,Both
8f6ttg400v,Brittany.Morissette@yahoo.com,jOnlm*T3@3,+1,4150358529,Female,1983-06-12,06707 Lebsack Islands,French,Caller
32js7trxsq,Cloyd_Okuneva71@hotmail.com,1$*OE0YBXo,+1,0366416362,Male,1964-02-04,31976 Roob Fork,English,Both
sa7ng31n5u,Fay.Bartell@gmail.com,T!$Low$UTZ,+1,6553152287,Male,1998-10-03,9470 Deckow Isle,German,Both
g4mroa4qx0,Ethel.Russel@hotmail.com,4TaC8QYO5W,+1,9986594550,Female,1966-11-30,46426 Beatty Gardens,German,Receiver
duemgq4fwg,Barton33@hotmail.com,%Eac5CwaW1,+1,5227727207,Male,2010-05-10,9546 Ferry Prairie,English,Receiver
vhrfq23fzu,Linda.Crona@gmail.com,ZQnHhAVjKX,+1,4523635468,Male,2004-02-02,63133 Neal Avenue,French,Receiver
4du7hrw7mu,Sidney.Kulas31@gmail.com,bwSu1%c7pf,+1,8633751543,Male,2004-11-14,008 Connelly Rapid,Chinese,Receiver
6ab79wna3y,Mia_Bergnaum@gmail.com,TFw5t4s#d0,+1,9352284771,Female,1973-03-03,839 Cremin Heights,French,Caller
1jvny2jjdc,Ulices.Connelly34@gmail.com,Gfz^omjN56,+1,5131733937,Female,1986-01-11,07394 Dooley Overpass,German,Caller
21nyd8mi2c,Lera_Goyette@yahoo.com,Xd0DXZpjZd,+1,4889988881,Male,1955-06-23,01796 Marianna Via,Chinese,Caller
33vihb10r7,Emelie.Hackett36@yahoo.com,%1O6TKM01b,+1,6829332268,Others,2005-04-17,426 Baumbach Island,German,Both
phy13tgurc,Uriel56@hotmail.com,&RZ$WtQxbZ,+1,7251258493,Male,1963-05-31,2455 Schulist Loaf,English,Receiver
4wloobb80c,Devyn.Glover@hotmail.com,KWA7OPL&DT,+1,6102814685,Others,1994-07-02,42690 Kovacek Flats,Chinese,Receiver
10osgwwjbr,Earnest.Morar6@gmail.com,cq1ZKJMnd2,+1,4813286515,Male,1975-01-28,3029 Letitia Point,English,Caller
aj8zkux7fn,Linnie.Mitchell42@gmail.com,w!lES6pJtr,+1,9848814882,Others,2007-07-09,153 Jerry Curve,English,Receiver
p2x7eq0h6p,Aubrey_Jenkins48@gmail.com,rvraeiY18G,+1,4106571446,Male,1987-04-18,936 O'Kon Island,English,Both
wi558qfkpc,Elmira54@gmail.com,Pg9L2YfuRU,+1,9308099996,Others,1952-07-27,026 Graham Island,Chinese,Both
ystrhy7a0j,Gabrielle_Roob@hotmail.com,mwNr02MFtE,+1,7719539948,Others,1955-11-07,12368 Kellie Summit,German,Receiver
ic316wxu7c,Twila_Osinski76@yahoo.com,hv0KLy0Wzd,+1,7440958205,Others,2008-06-17,78511 Julius Village,German,Both
km6kgrcu6t,Lucile_Torphy67@gmail.com,4DdbjcI@J7,+1,5097573272,Female,1989-04-08,6589 Sage Parkway,Chinese,Both
ggf16xomzz,Lempi_Davis30@yahoo.com,uSzv0X!*vI,+1,6858215304,Male,2000-07-07,706 Nova Lock,Chinese,Both
i02yioigyi,Hilda.Gibson@gmail.com,NKeZTNi&55,+1,2748034905,Others,2009-09-07,5289 Cathy Mountain,French,Receiver
8ika6vd55t,Schuyler.Casper41@yahoo.com,fMuznBfz#r,+1,1816909211,Others,1952-04-11,17615 Upton Spring,Spanish,Receiver
n58maqqnim,Bart_Hansen@gmail.com,J6dx1BUEkT,+1,4928230424,Others,1957-01-13,01439 Thelma Row,Chinese,Caller
rhi5o7tlzu,Amir29@hotmail.com,8jiasSA0Pd,+1,5123566016,Female,1988-12-14,7739 Boyer Plaza,German,Caller
xlvjdr09ho,Armani_Dietrich@hotmail.com,sYv3lbKLh0,+1,3825605601,Male,1961-03-17,64051 Purdy Walk,Spanish,Receiver
8qslv7717s,Yasmeen_Bernhard@yahoo.com,ie&y$jJZ4Q,+1,4289360589,Others,2004-05-27,33904 Brekke Shoals,French,Caller
e4hr8097fv,Fiona42@gmail.com,M&z*Qc#a%9,+1,6254537683,Female,1994-11-17,53596 Weissnat Views,German,Both
iptwd26m2z,Belle89@hotmail.com,&GjmuCmX&&,+1,0330436331,Others,1980-02-13,52545 Hickle Park,Spanish,Caller
56ampxv13t,Evangeline48@yahoo.com,Br950bjAlV,+1,8852389760,Others,2003-01-08,2706 Ledner Meadow,Spanish,Caller
n8dsfsrmbn,Bradley_Herman58@yahoo.com,R$WliELvew,+1,3906245295,Male,1963-03-28,57946 Ozella Walk,Chinese,Both
p74dqfw9zz,Elijah.Brown@yahoo.com,@1nfi^$iMy,+1,6275738087,Others,1974-01-24,31883 Lane Knoll,French,Caller
6gwyfuyq7k,Kale.Gaylord@hotmail.com,m$FnvQlxRH,+1,7739196105,Male,1959-03-07,84758 Herman Knolls,English,Both
0t8qq10xou,Bonnie28@yahoo.com,urJa*@lO#t,+1,8197566907,Female,1989-08-15,2608 Nolan Fords,Chinese,Receiver
rbv6u2bwc4,Micheal75@gmail.com,u!gAsZhA$6,+1,8686974459,Others,1956-05-27,9259 Jakubowski Valleys,French,Caller
4kqd4l3sak,Jennings98@gmail.com,wqzQ3scKNX,+1,6445237653,Male,1966-10-28,8240 Beatty Freeway,Spanish,Receiver
rh5j7uim1u,Morgan_Mohr@hotmail.com,4JlbnbbNL$,+1,5141640987,Others,1981-08-11,6522 Benton Square,German,Receiver
xkpg05gqto,Sallie.Strosin51@gmail.com,Mjcj3y5QrG,+1,2283992344,Male,1965-04-18,202 Marcelina Shore,Chinese,Caller
ogmk165fte,Leatha_Jacobs47@yahoo.com,icD0ap^Ks5,+1,6593588111,Male,1951-03-20,399 Everardo Coves,German,Both
srp2cmcxfv,Conner2@yahoo.com,9frhsu7lje,+1,3690722421,Male,1976-10-22,8132 Gottlieb Parkway,English,Caller
fbk3gu4y2c,Tre.Carter44@hotmail.com,TsYmvcWRNe,+1,2211611849,Female,1994-04-28,48629 Maxime Drive,German,Caller
enkktsigrm,Nannie_Weber30@gmail.com,cJZ&CZwnAT,+1,6245033117,Female,1968-07-28,4486 Gleason Course,Chinese,Caller
qa634vtry1,Aliya.Runolfsson89@gmail.com,qEVDjm5412,+1,8892742473,Male,1988-02-28,25713 Kozey Fork,Spanish,Receiver
ciqcgh425z,Carley_Langworth13@yahoo.com,$*Pacg%aQP,+1,3788995837,Female,1963-11-27,67583 Gleason Ports,French,Both
farqvaekds,Noemie.Gulgowski@hotmail.com,sEt@#GDEUQ,+1,3382739981,Female,1963-09-05,2519 Pacocha Glens,English,Caller
ov94qlulbt,Roberto91@yahoo.com,2fp1KNnnGs,+1,3761346036,Male,1978-04-14,2046 Jaleel Plains,English,Both
acvfghka62,Brant98@yahoo.com,AMz1$Y%hT%,+1,6257315182,Others,1951-09-26,684 Alysson Shoal,Chinese,Caller
9e6w68g3xv,Theresa72@gmail.com,WsX!8hFS&p,+1,3530844532,Others,2000-08-06,703 Smith Hills,English,Receiver
8jd442s5cc,Jackson.Bernier66@yahoo.com,h2y1va5Sh0,+1,1889979867,Others,1956-09-22,978 Glenda Expressway,Spanish,Receiver
xovm59fp1k,Erling_Terry@yahoo.com,H3Zd4EkIxY,+1,9762574213,Others,1995-08-18,95784 Cecilia Union,French,Both
ztwjlbf2m6,Rosalia96@hotmail.com,uxEATRBHWK,+1,6064406467,Others,1977-03-21,073 Denesik Cape,German,Receiver
xnqmpbq19i,Brando_Bergstrom@hotmail.com,ovw0lurI96,+1,3059714388,Female,1960-10-07,19421 Hermiston Point,Chinese,Both
ey4qjp8p0r,Odie.Robel50@hotmail.com,O$XZU&i#to,+1,8747051482,Others,1996-10-08,37197 Joshuah Fork,Chinese,Caller
1wmdrf4sfv,Hillard3@yahoo.com,Bi2Q$tAGD#,+1,2952921736,Male,1958-05-22,080 Champlin Islands,Spanish,Both
o938iwxwkq,Luz_Heaney@gmail.com,Hf^V*PhK5G,+1,5849280840,Female,1979-11-13,5283 Pfannerstill Squares,French,Both
ow1q305vtk,Tara.Prohaska@hotmail.com,iN#$Fsr3q^,+1,1276798328,Others,1986-04-27,3793 Evalyn Place,French,Receiver
iqja6kxpmi,Howard63@gmail.com,9p7MCRyH5R,+1,5497120215,Others,2000-10-04,0283 Dicki Green,French,Both
wqakvzullz,Rahul23@yahoo.com,!O0gOgFa^K,+1,3524481201,Female,1954-10-18,263 Romaguera Canyon,German,Receiver
ssgbabglmm,Ludwig_Miller@hotmail.com,Upz9*&8!%I,+1,0707481830,Male,1960-07-01,356 Kristoffer Loaf,Chinese,Receiver
utrdxyuxga,Marianna.Kulas@hotmail.com,cxkTh1UW!v,+1,2070171643,Male,2006-12-21,96184 Bessie Inlet,Chinese,Caller
og2sdsvyrd,Ericka.Armstrong@gmail.com,9Josp*kUX5,+1,3662284295,Male,1978-07-22,528 Treutel Track,German,Receiver
lbmq58k5fl,Shaniya_Heller@hotmail.com,VJ!Px22t%K,+1,4987045445,Others,1989-06-08,24397 Eliezer Cliff,French,Caller
tb5ryefk9x,Faye_Grant@gmail.com,aEMYBoXe4o,+1,2709488816,Female,1956-08-19,424 Gislason Causeway,German,Both
dwdosgpm4q,Karlie.Schulist96@gmail.com,gs4ngvWw%f,+1,5778102060,Female,1950-07-08,67657 Brennan Dale,Chinese,Both
drkjv1nr8h,Lisa_Mills@hotmail.com,GJy@u89g2j,+1,1232103491,Others,1982-07-28,6395 Narciso Via,French,Caller
l53c5vvov0,Adrienne_Gibson@gmail.com,DN5!wIj3f7,+1,8907380808,Others,1968-01-15,060 Misael Via,Chinese,Both
jv71k3hjas,Kirk82@gmail.com,*DA^4v$Rnq,+1,1276262006,Male,2000-07-04,8667 Raynor Glen,Spanish,Caller
2x5v1nwds5,Fleta39@gmail.com,vIlCKomSM%,+1,9753887950,Male,2002-02-06,61972 Rohan Cape,Spanish,Caller
8cx4epozxp,Bethel_Hickle41@yahoo.com,L890mq##N*,+1,4313378405,Male,2007-03-24,14403 Alfonzo Turnpike,Chinese,Receiver
pihbl12o81,Verla_Harvey@gmail.com,gZ6yqa#hLI,+1,5175370456,Female,1996-06-04,1975 Dickinson Park,French,Both
jnew5od1ba,Newell_Hermiston37@gmail.com,OV$@0P24u*,+1,3253271572,Male,1985-03-28,0282 Lambert Heights,English,Caller
xhbybkq3yd,Issac92@yahoo.com,iy$&%^i9iP,+1,1861856863,Female,2001-10-08,829 Osbaldo Tunnel,English,Receiver
uzzki5ez6a,Providenci.Block41@yahoo.com,jEhu^QgHgt,+1,7108051659,Male,1956-02-02,6413 Reanna Knolls,Chinese,Caller
c7f8cqs6am,Ahmad66@gmail.com,Qd3Ic*@ICD,+1,5000947805,Others,1977-06-09,42936 Karson Shores,English,Both
2rzx2eojhc,Ethelyn_McClure@hotmail.com,1g3xYvnpIM,+1,5551016854,Others,1984-01-26,05223 Erdman Creek,French,Receiver
4egs7w7rkw,Dayton49@hotmail.com,l#%SwB*!qz,+1,4885508938,Others,2006-03-29,8515 Stokes Forge,French,Receiver
g3hswa8iez,Morton75@yahoo.com,TKn52Uhnuy,+1,7866813978,Others,1978-10-18,38507 Magnolia Knolls,Spanish,Caller
rchr7n0i9h,Barney_Nolan@gmail.com,wuM4KtLG^U,+1,1819111210,Male,1988-11-17,131 Aniya Port,French,Both
uio1a9j4oi,Elyssa_Schoen@gmail.com,@!Xg^Cleby,+1,2893138580,Others,1970-10-21,72238 Oral Cliffs,German,Receiver
7cwso32g1y,Friedrich0@gmail.com,GhUyxlbDWe,+1,9360477833,Male,2004-12-14,51207 Waelchi Walk,Chinese,Both
bb3tlreyuy,Kiarra26@gmail.com,XPHk%1v@i4,+1,7571272403,Others,1990-01-09,1222 Luis Junctions,Chinese,Both
1a043v2eoh,Fabian3@hotmail.com,MPWy1Hbmx!,+1,2327844223,Others,1999-01-08,25095 Sincere Mountains,Chinese,Receiver
uaywexsa2j,Stephany.Goldner56@gmail.com,6tewIhQAyQ,+1,3265597509,Others,1993-05-26,337 Schaefer Road,German,Both
omrm9or5tz,Emily67@hotmail.com,$0Ul0Be4lc,+1,6189897499,Others,1973-03-22,989 Deontae Highway,Spanish,Receiver
d68edwxvb0,Annamarie.Kutch3@gmail.com,it@pqwTKHW,+1,2560658315,Female,1963-01-30,0275 Lockman Streets,French,Both
aqyg4i6sh4,Elyse7@yahoo.com,vKX71eQLvD,+1,8837035046,Male,1971-01-10,57026 Hattie Squares,English,Receiver
xt7ue6tg6o,Saul.Hoppe@gmail.com,#NBrIQxmwy,+1,9091742797,Female,2008-07-31,868 Dejuan Run,German,Both
mb0dg01a8i,Carson.Morissette83@hotmail.com,p^Db#aP^hn,+1,1078748243,Female,1966-07-01,0687 Minerva Prairie,Spanish,Caller
y7wg1tc6qg,Letha14@hotmail.com,etTSLGFmL^,+1,6755192114,Female,1986-02-11,587 Danny Terrace,German,Both
lo852q7jkw,Willie87@gmail.com,odkkRVJf8A,+1,4096148864,Others,1956-11-30,850 Julio Landing,French,Caller
nmijhi84yo,Leora_Batz31@gmail.com,bwHEiPK!Ug,+1,6028952844,Male,1995-04-14,5777 Margret Road,German,Receiver
mkdfeyrl4y,Lia.Kihn97@gmail.com,cTZEb7dz5x,+1,9376001790,Others,1962-03-24,6237 Ignacio Highway,French,Both
mw9eqvpht5,Kallie_Cole@hotmail.com,0RzCqvPZsg,+1,7095070482,Male,1956-04-30,06569 Noelia Shores,English,Caller
jcouukxquu,Dorian.Kshlerin1@gmail.com,^8T%N5PTLZ,+1,9603940792,Others,1995-07-01,103 White Flat,English,Receiver
oqpu0t5qdy,Corrine97@hotmail.com,3juTzDI@9c,+1,5903423039,Male,1954-05-03,41454 Bernhard Crossing,German,Caller
qm8wtnpziy,Sunny_Boyle@yahoo.com,JwkGAMQFVW,+1,9226051145,Male,1987-11-13,915 Ernser Forest,English,Both
lo2o4vbzk8,Tyler.Daniel@yahoo.com,9iTgacOQ0O,+1,1693870465,Others,1986-04-14,925 Ebert Gardens,English,Both
